No.,address
1,88:4a:18:00:01:7c
2,88:4a:18:00:01:7d
3,88:4a:18:00:01:7e
4,88:4a:18:00:01:7f
5,88:4a:18:00:01:80
6,88:4a:18:00:01:81
7,88:4a:18:00:01:82
8,88:4a:18:00:01:83
9,88:4a:18:00:01:85
10,88:4a:18:00:01:84
11,88:4a:18:00:01:86
12,88:4a:18:00:01:87
13,88:4a:18:00:01:88
14,88:4a:18:00:01:89
15,88:4a:18:00:01:8a
16,88:4a:18:00:01:8b
17,88:4a:18:00:01:8c
18,88:4a:18:00:01:96
19,88:4a:18:00:01:97
20,88:4a:18:00:01:98
21,88:4a:18:00:01:99
22,88:4a:18:00:01:9a
23,88:4a:18:00:01:9b
24,88:4a:18:00:01:9c
25,88:4a:18:00:01:9d
26,88:4a:18:00:01:9e
27,88:4a:18:00:01:9f
28,88:4a:18:00:01:a0
29,88:4a:18:00:01:a1
30,88:4a:18:00:01:a2
31,88:4a:18:00:01:a4
32,88:4a:18:00:01:a5
33,88:4a:18:00:01:a6
34,88:4a:18:00:01:a7
35,88:4a:18:00:01:aa
36,88:4a:18:00:01:ab
37,88:4a:18:00:01:ac
38,88:4a:18:00:01:ad
39,88:4a:18:00:01:ae
40,88:4a:18:00:01:af
41,88:4a:18:00:01:b0
42,88:4a:18:00:01:b1
